{
	"GMLID_1429491_351612_1485": {
	"envelope": [13.034944743189122, 52.32999078356219, 13.03497908701135, 52.33001692808147],
	"tile": [0, 0]},
	"GMLID_SO0410128_214_10515": {
	"envelope": [13.030430024895114, 52.331458404353526, 13.030528194366617, 52.3315195435081],
	"tile": [0, 0]},
	"GMLID_46150217_194492_1237": {
	"envelope": [13.032442803830282, 52.329791405649004, 13.035128429302043, 52.33147621187941],
	"tile": [0, 0]},
	"GMLID_BUI336993_213_9312": {
	"envelope": [13.033392760383181, 52.33070533680386, 13.034927746965197, 52.331366284824135],
	"tile": [0, 0]},
	"GMLID_7431654_78949_792": {
	"envelope": [13.031288953368062, 52.33006807325193, 13.031325316528415, 52.33009341048196],
	"tile": [0, 0]},
	"GMLID_SO0107241_3793_12555": {
	"envelope": [13.030430024895114, 52.331458404353526, 13.030528194366617, 52.3315195435081],
	"tile": [0, 0]},
	"GMLID_0632464_192141_968": {
	"envelope": [13.030294706969979, 52.32970059199486, 13.033422653459093, 52.32996406779335],
	"tile": [0, 0]},
	"GMLID_BUI205585_1385_1373": {
	"envelope": [13.035247394002036, 52.33038573939165, 13.03536751126496, 52.33068334547756],
	"tile": [0, 0]},
	"GMLID_SO0124800_3522_13577": {
	"envelope": [13.030430024895114, 52.331458404353526, 13.030528194366617, 52.3315195435081],
	"tile": [0, 0]},
	"GMLID_SO0400934_2926_3381": {
	"envelope": [13.030430024895114, 52.331458404353526, 13.030528194366617, 52.3315195435081],
	"tile": [0, 0]},
	"GMLID_BUI130363_1235_6047": {
	"envelope": [13.03174319136587, 52.33066514561054, 13.0319636267684, 52.33080242817268],
	"tile": [0, 0]},
	"GMLID_SO015374_872_14131": {
	"envelope": [13.030430024895114, 52.331458404353526, 13.030528194366617, 52.3315195435081],
	"tile": [0, 0]},
	"GMLID_0528986_170479_94": {
	"envelope": [13.033874705026687, 52.330613503129655, 13.034115552065794, 52.330846565650425],
	"tile": [0, 0]},
	"GMLID_SO0286258_965_2893": {
	"envelope": [13.030430024895114, 52.331458404353526, 13.030528194366617, 52.3315195435081],
	"tile": [0, 0]},
	"GMLID_BUI180021_673_14143": {
	"envelope": [13.033266376264134, 52.3307743877284, 13.035170690989698, 52.33150573148754],
	"tile": [0, 0]},
	"GMLID_1381455_184173_656": {
	"envelope": [13.034264180146321, 52.33034266376239, 13.034479698585255, 52.33047687572132],
	"tile": [0, 0]},
	"GMLID_SO0283142_1335_8999": {
	"envelope": [13.030430024895114, 52.331458404353526, 13.030528194366617, 52.3315195435081],
	"tile": [0, 0]},
	"GMLID_SO0107241_3793_12555": {
	"envelope": [13.030430024895114, 52.331458404353526, 13.030528194366617, 52.3315195435081],
	"tile": [0, 0]},
	"GMLID_6162422_289094_1279": {
	"envelope": [13.034397884066939, 52.330085615476605, 13.034426555130949, 52.330113664076556],
	"tile": [0, 0]},
	"GMLID_55518178_9051_1323": {
	"envelope": [13.033399322951272, 52.33085323672598, 13.035128198260749, 52.33147986708321],
	"tile": [0, 0]},
	"GMLID_855011_330784_753": {
	"envelope": [13.034330809245525, 52.330553871591654, 13.034386669020149, 52.33062073553279],
	"tile": [0, 0]},
	"GMLID_48290571_3377_526": {
	"envelope": [13.030921247681372, 52.33076794037701, 13.03254327611313, 52.33132843692482],
	"tile": [0, 0]},
	"GMLID_BUI289877_1911_4122": {
	"envelope": [13.03088397524446, 52.33068336754581, 13.03267139182779, 52.33135432340063],
	"tile": [0, 0]},
	"GMLID_SO0200811_525_4986": {
	"envelope": [13.030430024895114, 52.331458404353526, 13.030528194366617, 52.3315195435081],
	"tile": [0, 0]},
	"GMLID_SO0443764_1492_9667": {
	"envelope": [13.030430024895114, 52.331458404353526, 13.030528194366617, 52.3315195435081],
	"tile": [0, 0]},
	"GMLID_SO081792_2341_11961": {
	"envelope": [13.030430024895114, 52.331458404353526, 13.030528194366617, 52.3315195435081],
	"tile": [0, 0]},
	"GMLID_0314272_32937_848": {
	"envelope": [13.031731739320362, 52.33039026542922, 13.033167896094609, 52.330936705127286],
	"tile": [0, 0]},
	"GMLID_2108434_31807_876": {
	"envelope": [13.034679329450169, 52.33012371939433, 13.034720919831544, 52.330145743527694],
	"tile": [0, 0]},
	"GMLID_SO0260143_1214_1315": {
	"envelope": [13.030430024895114, 52.331458404353526, 13.030528194366617, 52.3315195435081],
	"tile": [0, 0]},
	"GMLID_SO0158953_776_12462": {
	"envelope": [13.030430024895114, 52.331458404353526, 13.030528194366617, 52.3315195435081],
	"tile": [0, 0]},
	"GMLID_SO0124800_3522_13577": {
	"envelope": [13.030430024895114, 52.331458404353526, 13.030528194366617, 52.3315195435081],
	"tile": [0, 0]},
	"GMLID_SO086970_1053_8814": {
	"envelope": [13.030430024895114, 52.331458404353526, 13.030528194366617, 52.3315195435081],
	"tile": [0, 0]},
	"GMLID_SO0443764_1492_9667": {
	"envelope": [13.030430024895114, 52.331458404353526, 13.030528194366617, 52.3315195435081],
	"tile": [0, 0]},
	"GMLID_0373494_301709_129": {
	"envelope": [13.03052984788061, 52.33005907656497, 13.030604159549284, 52.330123701113116],
	"tile": [0, 0]},
	"GMLID_BUI184698_512_898": {
	"envelope": [13.032610867425584, 52.329685181642965, 13.033023637230153, 52.32983666893673],
	"tile": [0, 0]},
	"GMLID_SO092422_3593_9527": {
	"envelope": [13.03032879163955, 52.32999496199696, 13.030424584670234, 52.33005462323795],
	"tile": [0, 0]},
	"GMLID_SO0286258_965_2893": {
	"envelope": [13.030430024895114, 52.331458404353526, 13.030528194366617, 52.3315195435081],
	"tile": [0, 0]},
	"GMLID_SO0321978_1466_7441": {
	"envelope": [13.030430024895114, 52.331458404353526, 13.030528194366617, 52.3315195435081],
	"tile": [0, 0]},
	"GMLID_SO0321978_1466_7441": {
	"envelope": [13.030430024895114, 52.331458404353526, 13.030528194366617, 52.3315195435081],
	"tile": [0, 0]},
	"GMLID_SO0260143_1214_1315": {
	"envelope": [13.030430024895114, 52.331458404353526, 13.030528194366617, 52.3315195435081],
	"tile": [0, 0]},
	"GMLID_BUI46739_1739_10911": {
	"envelope": [13.034266704111408, 52.33107085200731, 13.034658705606265, 52.331261579024385],
	"tile": [0, 0]},
	"GMLID_53596160_235206_887": {
	"envelope": [13.033509205369848, 52.3307827115364, 13.034885750796253, 52.33134020757877],
	"tile": [0, 0]},
	"GMLID_TIN436865_187531_1154": {
	"envelope": [13.030122209867981, 52.32964881460045, 13.035412654811248, 52.33157345076934],
	"tile": [0, 0]},
	"GMLID_SO0158953_776_12462": {
	"envelope": [13.030430024895114, 52.331458404353526, 13.030528194366617, 52.3315195435081],
	"tile": [0, 0]},
	"GMLID_SO0200811_525_4986": {
	"envelope": [13.030430024895114, 52.331458404353526, 13.030528194366617, 52.3315195435081],
	"tile": [0, 0]},
	"GMLID_21614432_375009_394": {
	"envelope": [13.030218675134405, 52.329746759184225, 13.03533351531584, 52.33149146273227],
	"tile": [0, 0]},
	"GMLID_18468614_329001_318": {
	"envelope": [13.030935048459186, 52.329750230705336, 13.034885839560015, 52.33134019275825],
	"tile": [0, 0]},
	"GMLID_BUI100628_817_8083": {
	"envelope": [13.032284995266961, 52.33109317316536, 13.032763439657648, 52.33130922100349],
	"tile": [0, 0]},
	"GMLID_SO0283142_1335_8999": {
	"envelope": [13.030430024895114, 52.331458404353526, 13.030528194366617, 52.3315195435081],
	"tile": [0, 0]},
	"GMLID_BUI30683_572_6686": {
	"envelope": [13.032948840607045, 52.32985144146055, 13.033850536084104, 52.330225147145676],
	"tile": [0, 0]},
	"GMLID_43172916_275975_492": {
	"envelope": [13.0307030522219, 52.33061871460014, 13.032427552253383, 52.33146266061156],
	"tile": [0, 0]},
	"GMLID_2633647_39464_319": {
	"envelope": [13.03340108047205, 52.33011974638602, 13.034425718596356, 52.330940198907605],
	"tile": [0, 0]},
	"GMLID_SO081792_2341_11961": {
	"envelope": [13.030430024895114, 52.331458404353526, 13.030528194366617, 52.3315195435081],
	"tile": [0, 0]},
	"GMLID_10415082_319158_1266": {
	"envelope": [13.03071287509431, 52.32990350160984, 13.034895202004716, 52.33064542749248],
	"tile": [0, 0]},
	"GMLID_SO086970_1053_8814": {
	"envelope": [13.030430024895114, 52.331458404353526, 13.030528194366617, 52.3315195435081],
	"tile": [0, 0]},
	"GMLID_BUI51891_765_738": {
	"envelope": [13.033552386629744, 52.33108593431252, 13.034056557505858, 52.331329380788695],
	"tile": [0, 0]},