{
    "geometricError": 90,
    "root": {
        "box": [
            0.4328417,
            1.0501646,
            0.43371432,
            1.050688,
            0,
            1000
        ],
        "geometricError": 70,
        "children": [
            {
                "box": [
                    0.4328417,
                    1.0501646,
                    0.43371432,
                    1.050688,
                    0,
                    1000
                ],
                "refine": "add",
                "geometricError": 50,
                "content": {
                    "url": "Buildings.b3dm",
                    "type": "b3dm",
                    "box": [
                        0.4328417,
                        1.0501646,
                        0.43371432,
                        1.050688,
                        0,
                        1000
                    ],
                    "batchSize": 1
                }
            }
        ]
    }
}